{
    "model_info": {
        "pretrained_model": "trueto/medbert-base-chinese",
        "use_attention": false,
        "use_bilstm": true,
        "use_augmentation": true,
        "batch_size": 8,
        "epochs": 5,
        "learning_rate": 5e-05
    },
    "best_f1": 0.819206008583691,
    "epochs": [
        {
            "epoch": 1,
            "loss": 0.7766428924840072,
            "precision": 0.7249108507386653,
            "recall": 0.7712737127371274,
            "f1": 0.747373949579832,
            "entity_metrics": {
                "Anatomical": {
                    "precision": 0.8015435501653804,
                    "recall": 0.8113839285714286,
                    "f1": 0.8064337215751526
                },
                "Diseases": {
                    "precision": 0.5801980198019802,
                    "recall": 0.6926713947990544,
                    "f1": 0.6314655172413793
                },
                "Drug": {
                    "precision": 0.8298969072164949,
                    "recall": 0.8009950248756219,
                    "f1": 0.8151898734177215
                },
                "Image": {
                    "precision": 0.5581395348837209,
                    "recall": 0.7058823529411765,
                    "f1": 0.6233766233766234
                },
                "Laboratory": {
                    "precision": 0.7050359712230215,
                    "recall": 0.7424242424242424,
                    "f1": 0.7232472324723247
                },
                "Operation": {
                    "precision": 0.8089887640449438,
                    "recall": 0.7912087912087912,
                    "f1": 0.7999999999999998
                }
            }
        },
        {
            "epoch": 2,
            "loss": 0.38889163101541585,
            "precision": 0.7792343995804929,
            "recall": 0.805420054200542,
            "f1": 0.7921108742004264,
            "entity_metrics": {
                "Anatomical": {
                    "precision": 0.8200692041522492,
                    "recall": 0.7935267857142857,
                    "f1": 0.8065796937039138
                },
                "Diseases": {
                    "precision": 0.6605691056910569,
                    "recall": 0.7683215130023641,
                    "f1": 0.7103825136612022
                },
                "Drug": {
                    "precision": 0.8814432989690721,
                    "recall": 0.8507462686567164,
                    "f1": 0.8658227848101266
                },
                "Image": {
                    "precision": 0.8018018018018018,
                    "recall": 0.8725490196078431,
                    "f1": 0.8356807511737089
                },
                "Laboratory": {
                    "precision": 0.738255033557047,
                    "recall": 0.8333333333333334,
                    "f1": 0.7829181494661922
                },
                "Operation": {
                    "precision": 0.851063829787234,
                    "recall": 0.8791208791208791,
                    "f1": 0.8648648648648649
                }
            }
        },
        {
            "epoch": 3,
            "loss": 0.3576217348000099,
            "precision": 0.7992545260915868,
            "recall": 0.813550135501355,
            "f1": 0.8063389739457426,
            "entity_metrics": {
                "Anatomical": {
                    "precision": 0.8060538116591929,
                    "recall": 0.8024553571428571,
                    "f1": 0.8042505592841164
                },
                "Diseases": {
                    "precision": 0.720620842572062,
                    "recall": 0.7683215130023641,
                    "f1": 0.7437070938215102
                },
                "Drug": {
                    "precision": 0.895,
                    "recall": 0.8905472636815921,
                    "f1": 0.8927680798004988
                },
                "Image": {
                    "precision": 0.8272727272727273,
                    "recall": 0.8921568627450981,
                    "f1": 0.8584905660377359
                },
                "Laboratory": {
                    "precision": 0.8134328358208955,
                    "recall": 0.8257575757575758,
                    "f1": 0.8195488721804511
                },
                "Operation": {
                    "precision": 0.8571428571428571,
                    "recall": 0.8571428571428571,
                    "f1": 0.8571428571428571
                }
            }
        },
        {
            "epoch": 4,
            "loss": 0.3387261217832565,
            "precision": 0.8105939004815409,
            "recall": 0.8211382113821138,
            "f1": 0.8158319870759289,
            "entity_metrics": {
                "Anatomical": {
                    "precision": 0.8257918552036199,
                    "recall": 0.8147321428571429,
                    "f1": 0.8202247191011236
                },
                "Diseases": {
                    "precision": 0.7192224622030238,
                    "recall": 0.7872340425531915,
                    "f1": 0.7516930022573363
                },
                "Drug": {
                    "precision": 0.900497512437811,
                    "recall": 0.900497512437811,
                    "f1": 0.9004975124378111
                },
                "Image": {
                    "precision": 0.8598130841121495,
                    "recall": 0.9019607843137255,
                    "f1": 0.8803827751196173
                },
                "Laboratory": {
                    "precision": 0.85,
                    "recall": 0.7727272727272727,
                    "f1": 0.8095238095238095
                },
                "Operation": {
                    "precision": 0.8191489361702128,
                    "recall": 0.8461538461538461,
                    "f1": 0.8324324324324325
                }
            }
        },
        {
            "epoch": 5,
            "loss": 0.32770476106939644,
            "precision": 0.8109399893786511,
            "recall": 0.8276422764227642,
            "f1": 0.819206008583691,
            "entity_metrics": {
                "Anatomical": {
                    "precision": 0.8175675675675675,
                    "recall": 0.8102678571428571,
                    "f1": 0.8139013452914797
                },
                "Diseases": {
                    "precision": 0.7170626349892009,
                    "recall": 0.7848699763593381,
                    "f1": 0.7494356659142213
                },
                "Drug": {
                    "precision": 0.9117647058823529,
                    "recall": 0.9253731343283582,
                    "f1": 0.9185185185185185
                },
                "Image": {
                    "precision": 0.8773584905660378,
                    "recall": 0.9117647058823529,
                    "f1": 0.8942307692307693
                },
                "Laboratory": {
                    "precision": 0.8818897637795275,
                    "recall": 0.8484848484848485,
                    "f1": 0.8648648648648649
                },
                "Operation": {
                    "precision": 0.8210526315789474,
                    "recall": 0.8571428571428571,
                    "f1": 0.8387096774193549
                }
            }
        }
    ]
}